<?xml version="1.0" encoding="UTF-8" ?>
<!DOCTYPE mapper
  PUBLIC "-//mybatis.org//DTD Mapper 3.0//EN"
  "http://mybatis.org/dtd/mybatis-3-mapper.dtd">
<mapper namespace="memberMapper">

	<select id="Id_Check" resultType="int">
		select count(*) from tbl_USER
		where userID = #{userID}
	</select>

	<insert id='Register'>
		INSERT INTO tbl_USER (mb, userName, userID, userEmail, userPassword, userBirthday, keyword1, keyword2, keyword3, keyword4, keyword5)
		VALUES (#{mb}, #{userName}, #{userID}, #{userEmail}, #{userPassword}, #{userBirthday}, #{keyword1}, #{keyword2}, #{keyword3}, #{keyword4}, #{keyword5})
	</insert>

	<select id="Login" resultType="int">
		select count(*) from tbl_USER
		where userID = #{userID} and userPassword = #{userPassword}
	</select>

	<select id="Login_Info" resultType="User">
		select * from tbl_USER
		where userID = #{userID} and userPassword = #{userPassword}
	</select>
</mapper>